{
  "remoteServiceBaseUrl": "https://localhost:44301",
  "appBaseUrl": "http://localhost:4200",
  "localeMappings": {
    "angular": [
      {
        "from": "pt-BR",
        "to": "pt"
      },
      {
        "from": "zh-CN",
        "to": "zh"
      },
      {
        "from": "he-IL",
        "to": "he"
      },
      {
        "from": "es-MX",
        "to": "es"
      },
      {
        "from": "vi",
        "to": "en"
      }
    ],
    "moment": [
      {
        "from": "es-MX",
        "to": "es"
      },
      {
        "from": "zh-Hans",
        "to": "zh-cn"
      },
      {
        "from": "vi",
        "to": "en-gb"
      }
    ],
    "recaptcha": [
      {
        "from": "zh-Hans",
        "to": "zh-cn"
      },
      {
        "from": "es-MX",
        "to": "es"
      }
    ]
  }
}
